﻿pos_x,pos_y,rotation,side,designator,mpn,pack,footprint,value,mount_type
230.7336,-118.2383,180.0,top,BUZZER1,,,BUZZER_7525A_BUZ-SMD_4P-L7.5-W7.5-P7.59-TL,2.7kHz,tht
234.62,-93.09,0.0,top,C1,,,C_0603_1608Metric,100n,smt
233.34,-72.61,180.0,bottom,C10,,,C_0603_1608Metric,100n,smt
233.37,-77.14,180.0,bottom,C11,,,C_0603_1608Metric,100n,smt
225.4,-62.01,90.0,top,C14,,,C_0603_1608Metric,1u,smt
224.0,-65.16,-90.0,top,C16,,,C_0603_1608Metric,10u,smt
225.25,-69.45,180.0,top,C17,,,C_0603_1608Metric,100n,smt
231.05,-73.51,90.0,top,C18,,,C_0603_1608Metric,47p,smt
227.85,-81.95,0.0,top,C19,,,C_0603_1608Metric,1u,smt
230.3,-105.61,0.0,bottom,C2,,,C_0603_1608Metric,1u 35V,smt
233.92,-76.63,0.0,top,C20,,,C_0805_2012Metric,22u,smt
230.99,-77.86,-90.0,top,C21,,,C_0805_2012Metric,22u,smt
227.62,-79.6,180.0,top,C22,,,C_0603_1608Metric,1u,smt
223.24,-106.21,-90.0,bottom,C25,,,C_0603_1608Metric,10u,smt
235.29,-97.46,-90.0,top,C26,,,C_0603_1608Metric,100n,smt
231.9,-65.24,0.0,bottom,C27,,,C_1206_3216Metric,100u 35V,smt
231.19,-61.89,0.0,bottom,C28,,,C_0603_1608Metric,10u 35V,smt
226.87,-90.63,180.0,bottom,C3,,,C_0603_1608Metric,100n,smt
224.48,-61.484,180.0,bottom,C31,,,C_0603_1608Metric,100n,smt
228.58,-102.94,0.0,top,C32,,,C_0603_1608Metric,100n,smt
233.52,-97.42,-90.0,top,C33,,,C_0603_1608Metric,10u,smt
232.05,-105.88,0.0,top,C35,,,C_0603_1608Metric,100n,smt
234.25,-91.26,0.0,top,C4,,,C_0603_1608Metric,22P,smt
234.19,-84.09,0.0,top,C5,,,C_0603_1608Metric,22P,smt
226.2378,-92.202,180.0,bottom,C6,,,C_0603_1608Metric,100n,smt
231.42,-99.77,-90.0,bottom,C7,,,C_0603_1608Metric,2n2,smt
228.96,-103.42,0.0,bottom,D1,,,LL4148 LL34  SOD80 1N4148 Hottech SMD diode,D,tht
229.55,-107.71,0.0,bottom,D11,,,BZT52C5V1 W8_ZENER DIODE,D_Zener,tht
229.08,-83.41,0.0,top,D2,,,LED_0603_1608Metric,LED,smt
235.27,-80.62,-90.0,bottom,D3,,,LED_0603_1608Metric,LED,smt
233.16,-111.56,90.0,bottom,D7,,,LL4148 LL34  SOD80 1N4148 Hottech SMD diode,D,tht
233.77,-104.79,90.0,bottom,J1,,,oled_display,Conn_01x04_Pin,tht
232.19,-127.628,0.0,top,J2,,,TIP_PADS,TIP_SMALL_END,tht
225.84,-127.628,0.0,top,J2,,,TIP_PADS,TIP_SMALL_END,tht
232.19,-127.628,0.0,bottom,J2,,,TIP_PADS,TIP_SMALL_END,tht
225.84,-127.628,0.0,bottom,J2,,,TIP_PADS,TIP_SMALL_END,tht
224.83,-149.448,0.0,top,J3,,,TIP_PADS,TIP_MID,tht
232.75,-136.398,0.0,top,J3,,,TIP_PADS,TIP_MID,tht
225.27,-136.398,0.0,top,J3,,,TIP_PADS,TIP_MID,tht
233.21,-149.448,0.0,top,J3,,,TIP_PADS,TIP_MID,tht
225.27,-136.398,0.0,bottom,J3,,,TIP_PADS,TIP_MID,tht
233.21,-149.448,0.0,bottom,J3,,,TIP_PADS,TIP_MID,tht
232.75,-136.398,0.0,bottom,J3,,,TIP_PADS,TIP_MID,tht
224.83,-149.448,0.0,bottom,J3,,,TIP_PADS,TIP_MID,tht
225.925,-74.5525,-90.0,top,L1,,,L_Wuerth_WE-PD2-Typ-L,4.7u,smt
229.7524,-118.5164,0.0,bottom,Q1,,,S8050_TRANSIS_25V_0.5A_npn_SOT-23-3_L2.9-W1.3-P1.90-LS2.4-BR,~,tht
229.62,-110.355,90.0,bottom,Q10,,,AON7410_POWER_N_MOS_DFN-8_L3.0-W3.0-P0.65-BL,~,tht
226.27,-106.4,90.0,bottom,Q11,,,S8050_TRANSIS_25V_0.5A_npn_SOT-23-3_L2.9-W1.3-P1.90-LS2.4-BR,~,tht
228.66,-100.7,90.0,bottom,R1,,,R_0603_1608Metric,10K,smt
231.89,-86.29,-90.0,bottom,R10,,,R_0603_1608Metric,0,smt
233.55,-81.06,180.0,top,R11,,,R_0603_1608Metric,10K,smt
233.52,-79.43,180.0,top,R12,,,R_0603_1608Metric,10K,smt
231.95,-69.64,180.0,top,R13,,,R_0603_1608Metric,10K,smt
229.485,-88.08,0.0,bottom,R14,,,R_0603_1608Metric,10K,smt
229.6922,-115.1128,-90.0,bottom,R15,,,R_0603_1608Metric,10K,smt
235.18,-83.9,-90.0,bottom,R17,,,R_0603_1608Metric,470,smt
232.72,-74.02,90.0,top,R18,,,R_0603_1608Metric,9K,smt
233.54,-71.68,0.0,top,R19,,,R_0603_1608Metric,30K,smt
230.523363,-81.363363,-45.0,top,R2,,,R_0603_1608Metric,1K,smt
227.14,-99.52,90.0,bottom,R3,,,R_0603_1608Metric,1K,smt
227.01,-96.41,90.0,bottom,R4,,,R_0603_1608Metric,200K,smt
224.25,-109.05,0.0,bottom,R43,,,R_0805_2012Metric,1K,smt
225.22,-102.53,-90.0,bottom,R44,,,R_0603_1608Metric,10K,smt
234.42,-101.38,0.0,top,R48,,,R_0603_1608Metric,10K,smt
234.18,-99.76,180.0,top,R49,,,R_0603_1608Metric,10K,smt
233.5,-86.31,-90.0,bottom,R5,,,R_0603_1608Metric,0,smt
232.03,-107.65,180.0,top,R50,,,R_0603_1608Metric,56K,smt
231.91,-109.68,180.0,top,R51,,,R_0603_1608Metric,1K,smt
225.97,-107.35,-90.0,top,R52,,,R_0603_1608Metric,75K,smt
225.01,-110.69,180.0,top,R53,,,R_1206_3216Metric,0.01,smt
232.02,-96.565,-90.0,top,R54,,,R_0603_1608Metric,1K,smt
228.95,-59.81,0.0,bottom,R6,,,R_0603_1608Metric,33K,smt
228.97,-57.81,180.0,bottom,R7,,,R_0603_1608Metric,10K,smt
233.27,-94.69,45.0,bottom,R8,,,R_0603_1608Metric,10K,smt
231.78,-93.07,45.0,bottom,R9,,,R_0603_1608Metric,10K,smt
229.07,-69.76,180.0,bottom,SW2,,,push_button_3.5x6x2.5Hmm SMD Rectangle Tactile micro Switch button 50mA 12V TSB008A2530A,~,tht
229.03,-74.96,180.0,bottom,SW3,,,push_button_3.5x6x2.5Hmm SMD Rectangle Tactile micro Switch button 50mA 12V TSB008A2530A,~,tht
229.47,-96.31,-90.0,bottom,U2,,,LM321_SOT-23-5_L3.0-W1.7-P0.95-LS2.8-BR,~,tht
227.13,-90.86,180.0,top,U3,,TQFP-32 Microchip,ATMEGA328P-AU_QFP80P900X900X120-32N,ATMEGA328P-AU,smt
230.92,-64.9675,-90.0,top,U5,,,SSOP-10-1EP_3.9x4.9mm_P1mm_EP2.1x3.3mm,CH224K,smt
226.16,-66.65,90.0,top,U6,,,DIODES AP63300WU-7_buck_TSOT-23-6_L2.9-W1.6-P0.95-LS2.8-BR,~,tht
224.27,-80.95,-90.0,top,U7,,,XC6206P332MR_SOT-23-3_L2.9-W1.3-P1.90-LS2.4-BR,~,tht
230.62,-100.15025,90.0,top,U8,,,ST LIS3DHTR_ACCELEROMETER_LGA-16_L3.0-W3.0-P0.50-TL,~,tht
228.62,-107.8,90.0,top,U9,,,LM321_SOT-23-5_L3.0-W1.7-P0.95-LS2.8-BR,~,tht
229.06,-57.24,180.0,top,USB1,,,USB-C-SMD_TYPE-C-6PIN-2MD-073,~,tht
234.47,-87.86,-90.0,top,X1,,,16_mhz_OSC-SMD_4P-L3.2-W2.5-BL,16MHz,tht
