﻿Designator,Quantity,Value,Footprint,Package,MPN,DNP,Mount_Type,Description,Sim.Device,Sim.Pins,Manufacturer Part,Manufacturer,Supplier Part,Supplier,LCSC Part Name,MF,MAXIMUM_PACKAGE_HEIGHT,Price,Check_prices,STANDARD,PARTREV,SnapEDA_Link,MP,Description_1,Availability,MANUFACTURER
"C1, C10, C11, C17, C26, C3, C31, C32, C35, C6",10,100n,C_0603_1608Metric,,,,smt,Unpolarized capacitor,,,,,,,,,,,,,,,,,,
"C14, C19, C22",3,1u,C_0603_1608Metric,,,,smt,Unpolarized capacitor,,,,,,,,,,,,,,,,,,
"C16, C25, C33",3,10u,C_0603_1608Metric,,,,smt,Unpolarized capacitor,,,,,,,,,,,,,,,,,,
C18,1,47p,C_0603_1608Metric,,,,smt,Unpolarized capacitor,,,,,,,,,,,,,,,,,,
C2,1,1u 35V,C_0603_1608Metric,,,,smt,Unpolarized capacitor,,,,,,,,,,,,,,,,,,
"C20, C21",2,22u,C_0805_2012Metric,,,,smt,Unpolarized capacitor,,,,,,,,,,,,,,,,,,
C27,1,100u 35V,C_1206_3216Metric,,,,smt,Unpolarized capacitor,,,,,,,,,,,,,,,,,,
C28,1,10u 35V,C_0603_1608Metric,,,,smt,Unpolarized capacitor,,,,,,,,,,,,,,,,,,
"C4, C5",2,22P,C_0603_1608Metric,,,,smt,Unpolarized capacitor,,,,,,,,,,,,,,,,,,
C7,1,2n2,C_0603_1608Metric,,,,smt,Unpolarized capacitor,,,,,,,,,,,,,,,,,,
"D1, D7",2,D,LL4148 LL34  SOD80 1N4148 Hottech SMD diode,,,,tht,Diode,D,1=K 2=A,,,,,,,,,,,,,,,,
D11,1,D_Zener,BZT52C5V1 W8_ZENER DIODE,,,,tht,15v zener,,,,,,,,,,,,,,,,,,
"D2, D3",2,LED,LED_0603_1608Metric,,,,smt,Light emitting diode,,1=K 2=A,,,,,,,,,,,,,,,,
J1,1,Conn_01x04_Pin,oled_display,,,,tht,"Generic connector, single row, 01x04, script generated",,,,,,,,,,,,,,,,,,
"J2, J2, J2, J2",4,TIP_SMALL_END,TIP_PADS,,,,tht,"Generic connector, single row, 01x01, script generated",,,,,,,,,,,,,,,,,,
"J3, J3, J3, J3, J3, J3, J3, J3",8,TIP_MID,TIP_PADS,,,,tht,"Generic connector, single row, 01x01, script generated",,,,,,,,,,,,,,,,,,
L1,1,4.7u,L_Wuerth_WE-PD2-Typ-L,,,,smt,Inductor,,,,,,,,,,,,,,,,,,
Q10,1,~,AON7410_POWER_N_MOS_DFN-8_L3.0-W3.0-P0.65-BL,,,,tht,Number:- Drain to Source Voltage:30V Current - Continuous Drain(Id):50A RDS(on):20mΩ@10V Pd - Power Dissipation:- Gate Threshold Voltage (Vgs(th)):2.5V@250uA Gate Charge(Qg):12nC@10V Input Capacitance(Ciss):660pF Reverse Transfer Capacitance (Crss@Vds):77,,,AON7410,AOS,C269266,LCSC,1个N沟道 耐压:30V 电流:24A,,,,,,,,,,,
Q11,1,~,S8050_TRANSIS_25V_0.5A_npn_SOT-23-3_L2.9-W1.3-P1.90-LS2.4-BR,,,,tht,type:- Current - Collector(Ic):500mA Collector - Emitter Voltage VCEO:25V Pd - Power Dissipation:300mW Transition frequency(fT):150MHz Current - Collector Cutoff:100nA Vce Saturation(VCE(sat)):600mV Operating Temperature:- Operating Temperature:-,,,S8050,JSMSEMI(杰盛微),C916390,LCSC,电流:500mA 电压:25V,,,,,,,,,,,
"R1, R11, R12, R13, R14, R44, R48, R49, R7, R8, R9",11,10K,R_0603_1608Metric,,,,smt,Resistor,,,,,,,,,,,,,,,,,,
"R10, R5",2,0,R_0603_1608Metric,,,,smt,Resistor,,,,,,,,,,,,,,,,,,
R17,1,470,R_0603_1608Metric,,,,smt,Resistor,,,,,,,,,,,,,,,,,,
R18,1,9K,R_0603_1608Metric,,,,smt,Resistor,,,,,,,,,,,,,,,,,,
R19,1,30K,R_0603_1608Metric,,,,smt,Resistor,,,,,,,,,,,,,,,,,,
"R2, R3, R51, R54",4,1K,R_0603_1608Metric,,,,smt,Resistor,,,,,,,,,,,,,,,,,,
R4,1,200K,R_0603_1608Metric,,,,smt,Resistor,,,,,,,,,,,,,,,,,,
R43,1,1K,R_0805_2012Metric,,,,smt,Resistor,,,,,,,,,,,,,,,,,,
R50,1,56K,R_0603_1608Metric,,,,smt,Resistor,,,,,,,,,,,,,,,,,,
R52,1,75K,R_0603_1608Metric,,,,smt,Resistor,,,,,,,,,,,,,,,,,,
R53,1,0.01,R_1206_3216Metric,,,,smt,Resistor,,,,,,,,,,,,,,,,,,
R6,1,33K,R_0603_1608Metric,,,,smt,Resistor,,,,,,,,,,,,,,,,,,
"SW2, SW3",2,~,push_button_3.5x6x2.5Hmm SMD Rectangle Tactile micro Switch button 50mA 12V TSB008A2530A,,,,tht,Circuit:SPST Operating Force:250gf Mounting Style:Standing paste Switch Length:3.3mm Switch Width:3.3mm Switch Height:0.85mm Strike Gundam:Without Contact Current:50mA Voltage Rating (DC):12V Insulation Resistance:100MΩ Actuator/Cap Color:Yellow With Lamp,,,GT-TC028B-H0070-L1,G-Switch(品赞),C778145,LCSC,3.3*3.3*0.85mm 立贴 轻触开关,,,,,,,,,,,
"TP1, TP2, TP3, TP4",4,TestPoint,TestPoint_Pad_D1.5mm,,,,tht,test point,,,,,,,,,,,,,,,,,,
"TP5, TP6",2,TestPoint,TestPoint_Pad_D2.0mm,,,,tht,test point,,,,,,,,,,,,,,,,,,
"U2, U9",2,~,LM321_SOT-23-5_L3.0-W1.7-P0.95-LS2.8-BR,,,,tht,Number of Channels:1.0 Maximum Power Supply Range (Vdd-Vss):36V Rail to Rail:- Gain Bandwidth Product:- Vos - Input Offset Voltage:5mV Input Offset Voltage Drift(Vos TC):- Slew Rate:- Ib - Input Bias Current:250nA Input Offset Current(Ios):- Noise density,,,LM321,MSKSEMI(美森科),C5252901,LCSC,丝印A63A 增益带宽(GBP)1.2MHZ VIO:5mV LM321 丝印A63A,,,,,,,,,,,
U3,1,ATMEGA328P-AU,ATMEGA328P-AU_QFP80P900X900X120-32N,TQFP-32 Microchip,,,smt,,,,,,,,,Microchip,1.20mm,None,https://www.snapeda.com/parts/ATMEGA328P-AU/Microchip+Technology/view-part/?ref=eda,IPC-7351B,8271A,https://www.snapeda.com/parts/ATMEGA328P-AU/Microchip+Technology/view-part/?ref=snap,ATMEGA328P-AU,AVR AVR® ATmega Microcontroller IC 8-Bit 20MHz 32KB (16K x 16) FLASH 32-TQFP (7x7),In Stock,Microchip
U5,1,CH224K,SSOP-10-1EP_3.9x4.9mm_P1mm_EP2.1x3.3mm,,,,smt,"100W USB Type-C PD3.0/2.0, BC1.2 Sink Controller, SSOP-10",,,,,,,,,,,,,,,,,,
U6,1,~,DIODES AP63300WU-7_buck_TSOT-23-6_L2.9-W1.6-P0.95-LS2.8-BR,,,,tht,Function:Buck Voltage - Supply:3.8V~32V Voltage - Supply:3.8V~32V Output Voltage:800mV~31V Output Voltage:800mV~31V Output Current:3A Frequency - Switching:500kHz Frequency - Switching:500kHz Operating Temperature:-40°C~+125°C Operating Temperature:-40°C~+12,,,AP63300WU-7,DIODES(美台),C2158012,LCSC,3.8V至32V输入，3A低静态电流同步降压转换器，增强电磁干扰抑制,,,,,,,,,,,
U7,1,~,XC6206P332MR_SOT-23-3_L2.9-W1.3-P1.90-LS2.4-BR,,,,tht,Output Type:Fixed Voltage - Supply:8V Output Voltage:3.3V Output Voltage:3.3V Output Current:250mA Power Supply Rejection Ratio (PSRR):40dB@(1kHz) Voltage Dropout:240mV@(50mA) standby current:7uA Noise:- Features:Over Current Protection；Short Circuit Prot,,,XC6206P332MR,UMW(友台半导体),C347376,LCSC,高纹波抑制率、低功耗、低压差 CMOS 降压型电压稳压器,,,,,,,,,,,
U8,1,~,ST LIS3DHTR_ACCELEROMETER_LGA-16_L3.0-W3.0-P0.50-TL,,,,tht,Voltage - Supply:1.71V~3.6V Voltage - Supply:1.71V~3.6V Operating Temperature:-40°C~+85°C Operating Temperature:-40°C~+85°C,,,LIS3DHTR,ST(意法半导体),C15134,LCSC,LIS3DHTR,,,,,,,,,,,
USB1,1,~,USB-C-SMD_TYPE-C-6PIN-2MD-073,,,,tht,"Connector Type:Type-C Protocol Standard:- Gender:Female Mounting Type:Surface Mount, Right Angle Number of Contacts:16P Number of Ports:1 Current Rating-Power:3A Voltage Rating:5V Connect-Disconnect Life:5,000 Cycles Supplementary Features:- Center Height",,,TYPE-C 16PIN 2MD(073),SHOU HAN(首韩),C2765186,LCSC,Type-C 母 卧贴,,,,,,,,,,,
Y1,1,16 MHZ,16_mhz_OSC-SMD_4P-L3.2-W2.5-BL,,,,tht,Two pin crystal,,,,,,,,,,,,,,,,,,
