﻿pos_x,pos_y,rotation,side,designator,mpn,pack,footprint,value,mount_type
198.1,-90.28,0.0,top,C1,,,C_0603_1608Metric,100n,smt
196.82,-69.8,180.0,bottom,C10,,,C_0603_1608Metric,100n,smt
196.85,-74.33,180.0,bottom,C11,,,C_0603_1608Metric,100n,smt
188.88,-59.2,90.0,top,C14,,,C_0603_1608Metric,1u,smt
187.48,-62.35,-90.0,top,C16,,,C_0603_1608Metric,10u,smt
188.73,-66.64,180.0,top,C17,,,C_0603_1608Metric,100n,smt
194.53,-70.7,90.0,top,C18,,,C_0603_1608Metric,47p,smt
191.33,-79.14,0.0,top,C19,,,C_0603_1608Metric,1u,smt
193.78,-102.8,0.0,bottom,C2,,,C_0603_1608Metric,1u 35V,smt
197.4,-73.82,0.0,top,C20,,,C_0805_2012Metric,22u,smt
194.47,-75.05,-90.0,top,C21,,,C_0805_2012Metric,22u,smt
191.1,-76.79,180.0,top,C22,,,C_0603_1608Metric,1u,smt
186.72,-103.4,-90.0,bottom,C25,,,C_0603_1608Metric,10u,smt
198.77,-94.65,-90.0,top,C26,,,C_0603_1608Metric,100n,smt
195.38,-62.43,0.0,bottom,C27,,,C_1206_3216Metric,100u 35V,smt
194.67,-59.08,0.0,bottom,C28,,,C_0603_1608Metric,10u 35V,smt
190.35,-87.82,180.0,bottom,C3,,,C_0603_1608Metric,100n,smt
187.96,-58.674,180.0,bottom,C31,,,C_0603_1608Metric,100n,smt
192.06,-100.13,0.0,top,C32,,,C_0603_1608Metric,100n,smt
197.0,-94.61,-90.0,top,C33,,,C_0603_1608Metric,10u,smt
195.53,-103.07,0.0,top,C35,,,C_0603_1608Metric,100n,smt
197.73,-88.45,0.0,top,C4,,,C_0603_1608Metric,22P,smt
197.67,-81.28,0.0,top,C5,,,C_0603_1608Metric,22P,smt
189.895,-89.34,180.0,bottom,C6,,,C_0603_1608Metric,100n,smt
194.9,-96.96,-90.0,bottom,C7,,,C_0603_1608Metric,2n2,smt
192.44,-100.61,0.0,bottom,D1,,,LL4148 LL34  SOD80 1N4148 Hottech SMD diode,D,tht
193.03,-104.9,0.0,bottom,D11,,,BZT52C5V1 W8_ZENER DIODE,D_Zener,tht
192.56,-80.6,0.0,top,D2,,,LED_0603_1608Metric,LED,smt
198.75,-77.81,-90.0,bottom,D3,,,LED_0603_1608Metric,LED,smt
196.64,-108.75,90.0,bottom,D7,,,LL4148 LL34  SOD80 1N4148 Hottech SMD diode,D,tht
197.25,-101.98,90.0,bottom,J1,,,oled_display,Conn_01x04_Pin,tht
195.67,-116.82,0.0,top,J2,,,TIP_PADS,TIP_SMALL_END,tht
189.32,-116.82,0.0,top,J2,,,TIP_PADS,TIP_SMALL_END,tht
195.67,-116.82,0.0,bottom,J2,,,TIP_PADS,TIP_SMALL_END,tht
189.32,-116.82,0.0,bottom,J2,,,TIP_PADS,TIP_SMALL_END,tht
188.31,-138.64,0.0,top,J3,,,TIP_PADS,TIP_MID,tht
196.23,-125.59,0.0,top,J3,,,TIP_PADS,TIP_MID,tht
188.75,-125.59,0.0,top,J3,,,TIP_PADS,TIP_MID,tht
196.69,-138.64,0.0,top,J3,,,TIP_PADS,TIP_MID,tht
188.75,-125.59,0.0,bottom,J3,,,TIP_PADS,TIP_MID,tht
196.69,-138.64,0.0,bottom,J3,,,TIP_PADS,TIP_MID,tht
196.23,-125.59,0.0,bottom,J3,,,TIP_PADS,TIP_MID,tht
188.31,-138.64,0.0,bottom,J3,,,TIP_PADS,TIP_MID,tht
189.405,-71.7425,-90.0,top,L1,,,L_Wuerth_WE-PD2-Typ-L,4.7u,smt
193.1,-107.545,90.0,bottom,Q10,,,AON7410_POWER_N_MOS_DFN-8_L3.0-W3.0-P0.65-BL,~,tht
189.75,-103.59,90.0,bottom,Q11,,,S8050_TRANSIS_25V_0.5A_npn_SOT-23-3_L2.9-W1.3-P1.90-LS2.4-BR,~,tht
192.14,-97.89,90.0,bottom,R1,,,R_0603_1608Metric,10K,smt
195.37,-83.48,-90.0,bottom,R10,,,R_0603_1608Metric,0,smt
197.03,-78.25,180.0,top,R11,,,R_0603_1608Metric,10K,smt
197.0,-76.62,180.0,top,R12,,,R_0603_1608Metric,10K,smt
195.43,-66.83,180.0,top,R13,,,R_0603_1608Metric,10K,smt
192.965,-85.27,0.0,bottom,R14,,,R_0603_1608Metric,10K,smt
198.66,-81.09,-90.0,bottom,R17,,,R_0603_1608Metric,470,smt
196.2,-71.21,90.0,top,R18,,,R_0603_1608Metric,9K,smt
197.02,-68.87,0.0,top,R19,,,R_0603_1608Metric,30K,smt
194.003363,-78.553363,-45.0,top,R2,,,R_0603_1608Metric,1K,smt
190.62,-96.71,90.0,bottom,R3,,,R_0603_1608Metric,1K,smt
190.49,-93.6,90.0,bottom,R4,,,R_0603_1608Metric,200K,smt
187.73,-106.24,0.0,bottom,R43,,,R_0805_2012Metric,1K,smt
188.7,-99.72,-90.0,bottom,R44,,,R_0603_1608Metric,10K,smt
197.9,-98.57,0.0,top,R48,,,R_0603_1608Metric,10K,smt
197.66,-96.95,180.0,top,R49,,,R_0603_1608Metric,10K,smt
196.98,-83.5,-90.0,bottom,R5,,,R_0603_1608Metric,0,smt
195.51,-104.84,180.0,top,R50,,,R_0603_1608Metric,56K,smt
195.39,-106.87,180.0,top,R51,,,R_0603_1608Metric,1K,smt
189.45,-104.54,-90.0,top,R52,,,R_0603_1608Metric,75K,smt
188.49,-107.88,180.0,top,R53,,,R_1206_3216Metric,0.01,smt
195.5,-93.755,-90.0,top,R54,,,R_0603_1608Metric,1K,smt
192.43,-57.0,0.0,bottom,R6,,,R_0603_1608Metric,33K,smt
192.45,-55.0,180.0,bottom,R7,,,R_0603_1608Metric,10K,smt
196.75,-91.88,45.0,bottom,R8,,,R_0603_1608Metric,10K,smt
195.26,-90.26,45.0,bottom,R9,,,R_0603_1608Metric,10K,smt
192.55,-66.95,180.0,bottom,SW2,,,push_button_3.5x6x2.5Hmm SMD Rectangle Tactile micro Switch button 50mA 12V TSB008A2530A,~,tht
192.51,-72.15,180.0,bottom,SW3,,,push_button_3.5x6x2.5Hmm SMD Rectangle Tactile micro Switch button 50mA 12V TSB008A2530A,~,tht
192.95,-93.5,-90.0,bottom,U2,,,LM321_SOT-23-5_L3.0-W1.7-P0.95-LS2.8-BR,~,tht
190.61,-88.05,180.0,top,U3,,TQFP-32 Microchip,ATMEGA328P-AU_QFP80P900X900X120-32N,ATMEGA328P-AU,smt
194.4,-62.1575,-90.0,top,U5,,,SSOP-10-1EP_3.9x4.9mm_P1mm_EP2.1x3.3mm,CH224K,smt
189.64,-63.84,90.0,top,U6,,,DIODES AP63300WU-7_buck_TSOT-23-6_L2.9-W1.6-P0.95-LS2.8-BR,~,tht
187.75,-78.14,-90.0,top,U7,,,XC6206P332MR_SOT-23-3_L2.9-W1.3-P1.90-LS2.4-BR,~,tht
194.1,-97.34025,90.0,top,U8,,,ST LIS3DHTR_ACCELEROMETER_LGA-16_L3.0-W3.0-P0.50-TL,~,tht
192.1,-104.99,90.0,top,U9,,,LM321_SOT-23-5_L3.0-W1.7-P0.95-LS2.8-BR,~,tht
192.54,-54.43,180.0,top,USB1,,,USB-C-SMD_TYPE-C-6PIN-2MD-073,~,tht
197.65175,-84.79775,-90.0,top,Y1,,,16_mhz_OSC-SMD_4P-L3.2-W2.5-BL,16 MHZ,tht
